의도(Intent),개체명(NER),질문(Query),답변(Answer),답변 이미지
인사,,하이,안녕하세요. 강릉원주대학교 원주캠퍼스 동아리에 대해서 질문해주세요. 궁금하신 부분에 대해서 알려드릴게요. :),
인사,,헬로,안녕하세요. 강릉원주대학교 원주캠퍼스 동아리에 대해서 궁금하신 점이 있으신가요?,
인사,,안녕하세요,안녕하세요. 강릉원주대학교 원주캠퍼스 동아리 챗봇 강원동입니다.,
인사,,반가워요,안녕하세요. 강릉원주대학교 원주캠퍼스 동아리 챗봇 강원동입니다. 궁금하신 점이 있으신가요?,
인사,,먼저 잘게 잘자,네. 안녕히 주무세요 :) 더 궁금하신 사항이 있으면 언제든지 물어봐 주세요.,
인사,,진짜 이제 안녕,네 :) 더 궁금하신 사항이 있으면 언제든지 물어봐 주세요.,
인사,,안녕하세,안녕하세요. 강원동입니다.,
인사,,좋은 아침이야,좋은 아침입니다. 강릉원주대학교 원주캠퍼스 동아리에 대해서 궁금하신 점이 있으신가요?,
욕설,,개새끼,부적절한 질문이거나 답변할 수 없습니다.,
종류,B_CAT,기독교 동아리 종류 알려줘,"""강릉원주대학교의 기독교 동아리는 CCC, JDM이 있습니다.""",
종류,B_CAT,힙합동아리 종류 알려줘,"""강릉원주대학교의 힙합 동아리는 E.G.O 가 있습니다.""",
종류,B_CAT,공연 동아리 종류 알려줘,"""강릉원주대학교 원주캠퍼스의 공연 동아리는 OST가 있습니다.""",
종류,B_CAT,어쿠스틱 밴드 동아리 종류 알려줘,"""강릉원주대학교 원주캠퍼스의 어쿠스틱 밴드 동아리는 페르마타가 있습니다.""",
종류,B_CAT,여자 댄스 동아리 종류 알려줘,"""강릉원주대학교 원주캠퍼스의 여자 댄스 동아리는 뉴를리가 있습니다.""",
종류,B_CAT,밴드 동아리 종류 알려줘,"""강릉원주대학교 원주캠퍼스의 밴드 동아리는 프레이즈가 있습니다.""",
종류,B_CAT,치어리딩 동아리 종류 알려줘,"""강릉원주대학교 원주캠퍼스의 치어리딩 동아리는 루시우스가 있습니다.""",
종류,B_CAT,패션 동아리 종류 알려줘,"""강릉원주대학교 원주캠퍼스의 패션 동아리는 Tag the bills가 있습니다.""",
종류,B_CAT,사진 동아리 종류 알려줘,"""강릉원주대학교 원주캠퍼스의 사진 동아리는 해시태그가 있습니다.""",
종류,B_CAT,보드게임 동아리 종류 알려줘,"""강릉원주대학교 원주캠퍼스의 보드게임 동아리는 보드홀릭이 있습니다.""",
종류,B_CAT,그림 동아리 종류 알려줘,"""강릉원주대학교 원주캠퍼스의 그림 동아리는 팔레트가 있습니다.""",
종류,B_CAT,볼링 동아리 종류 알려줘,"""강릉원주대학교 원주캠퍼스의 볼링 동아리는 핀액션이 있습니다.""",
종류,B_CAT,테니스 동아리 종류 알려줘,"""강릉원주대학교 원주캠퍼스의 테니스 동아리는 에이스가 있습니다.""",
종류,B_CAT,농구 동아리 종류 알려줘,"""강릉원주대학교 원주캠퍼스의 농구 동아리는 스핀 SPIN이 있습니다.""",
종류,B_CAT,봉사 동아리 종류 알려줘,"""강릉원주대학교 원주캠퍼스의 봉사 동아리는 RCY가 있습니다.""",
종류,B_CAT,게임 개발 동아리 종류 알려줘,"""강릉원주대학교 원주캠퍼스의 게임 개발 동아리는 게임 개발 동아리가 있습니다.""",
종류,B_CAT,취업 동아리 종류 알려줘,"""강릉원주대학교 원주캠퍼스의 취업동아리는 깜냥깜냥, 업텐션, GW게이밍, 암행어사 마패, 2025년 취업새내기들, 취뽀가보자, whatever, 굿아이티어, 신재생에너지 및 전력 ICT분야 취업하자!, 간바레가 있습니다.""",
종류,B_CAT,운동 관련 동아리 추천해줘,"""강릉원주대학교 원주캠퍼스의 운동 관련 동아리는 댄스동아리인 뉴를리, 치어리딩동아리인 루시우스, 볼링동아리인 핀액션, 테니스동아리인 에이스, 농구 동아리인 스핀이 있습니다.""",
종류,B_CAT,음악 관련 동아리 추천해줘,"""강릉원주대학교 원주캠퍼스의 음악 관련 동아리는 힙합동아리인 E.G.O와 공연동아리인 OST, 어쿠스틱 밴드 동아리인 페르마타, 밴드 동아리인 프레이즈가 있습니다.""",
종류,B_CAT,취미 관련 동아리 추천해줘,"""강릉원주대학교 원주캠퍼스의 취미 관련 동아리는 패션동아리인 Tag the bills, 사진 동아리인 해시태그, 보드게임 동아리인 보드홀릭, 그림 동아리인 팔레트가 있습니다.""",
종류,B_CAT,종교 관련 동아리 추천해줘,"""강릉원주대학교 원주캠퍼스의 종교 관련 동아리는 기독교 동아리인 CCC, JDM이 있습니다.""",
종류,B_CAT,공연 관련 동아리 추천해줘,"""강릉원주대학교 원주캠퍼스의 공연 관련 동아리는 힙합동아리인 E.G.O와 공연동아리인 OST, 어쿠스틱 밴드 동아리인 페르마타, 밴드 동아리인 프레이즈, 여자 댄스 동아리인 뉴를리, 치어리딩 동아리인 루시우스가 있습니다.""",
종류,B_CAT,체육 관련 동아리 추천해줘,"""강릉원주대학교 원주캠퍼스의 체육 관련 동아리는 댄스동아리인 뉴를리, 치어리딩동아리인 루시우스, 볼링동아리인 핀액션, 테니스동아리인 에이스, 농구 동아리인 스핀이 있습니다.""",
종류,B_CAT,봉사 관련 동아리 추천해줘,"""강릉원주대학교 원주캠퍼스의 봉사 관련 동아리는 RCY가 있습니다.""",
종류,B_CAT,기독교 관련 동아리 추천해줘,"""강릉원주대학교의 기독교 동아리는 CCC, JDM이 있습니다.""",
종류,B_CAT,힙합 관련 동아리 추천해줘,"""강릉원주대학교의 힙합 동아리는 E.G.O 가 있습니다.""",
종류,B_CAT,밴드 관련 동아리 추천해줘,"""강릉원주대학교 원주캠퍼스의 밴드 동아리는 페르마타와 프레이즈가 있습니다.""",
종류,B_CAT,치어리딩 관련 동아리 추천해줘,"""강릉원주대학교 원주캠퍼스의 치어리딩 동아리는 루시우스가 있습니다.""",
종류,B_CAT,패션 관련 동아리 추천해줘,"""강릉원주대학교 원주캠퍼스의 패션 동아리는 Tag the bills가 있습니다.""",
종류,B_CAT,사진 관련 동아리 추천해줘,"""강릉원주대학교 원주캠퍼스의 사진 동아리는 해시태그가 있습니다.""",
종류,B_CAT,보드게임 관련 동아리 추천해줘,"""강릉원주대학교 원주캠퍼스의 보드게임 동아리는 보드홀릭이 있습니다.""",
종류,B_CAT,그림 관련 동아리 추천해줘,"""강릉원주대학교 원주캠퍼스의 그림 동아리는 팔레트가 있습니다.""",
종류,B_CAT,댄스 관련 동아리 추천해줘,"""강릉원주대학교 원주캠퍼스의 댄스 관련 동아리는 여자 댄스 동아리인 뉴를리와 치어리딩 동아리인 루시우스가 있습니다.""",
종류,B_CAT,볼링 관련 동아리 추천해줘,"""강릉원주대학교 원주캠퍼스의 볼링 동아리는 핀액션이 있습니다.""",
종류,B_CAT,테니스 관련 동아리 추천해줘,"""강릉원주대학교 원주캠퍼스의 테니스 동아리는 에이스가 있습니다.""",
종류,B_CAT,농구 관련 동아리 추천해줘,"""강릉원주대학교 원주캠퍼스의 농구 동아리는 스핀 SPIN이 있습니다.""",
종류,B_CAT,봉사 관련 동아리 추천해줘,"""강릉원주대학교 원주캠퍼스의 봉사 동아리는 RCY가 있습니다.""",
종류,B_CAT,게임개발 관련 동아리 추천해줘,"""강릉원주대학교 원주캠퍼스의 게임 개발 동아리는 게임 개발 동아리가 있습니다.""",
종류,B_CAT,취업 관련 동아리 추천해줘,"""강릉원주대학교 원주캠퍼스의 취업동아리는 깜냥깜냥, 업텐션, GW게이밍, 암행어사 마패, 2025년 취업새내기들, 취뽀가보자, whatever, 굿아이티어, 신재생에너지 및 전력 ICT분야 취업하자!, 간바레가 있습니다.""",
종류,B_OG,강릉원주대학교 동아리 뭐있어?,"""강릉원주대학교 원주캠퍼스의 중앙동아리는 기독교 동아리, 힙합 동아리, 공연 동아리, 어쿠스틱 밴드 동아리 ,여자 댄스 동아리, 밴드 동아리, 치어리딩 동아리, 패션 동아리, 사진 동아리, 보드게임 동아리, 그림 동아리, 볼링 동아리, 테니스 동아리, 농구 동아리, 봉사 동아리, 취업동아리, 창업동아리 등이 있습니다. 어떤 동아리에 대해서 궁금하신가요?""",
종류,B_OG,강릉원주대학교 동아리 뭐뭐있어?,"""강릉원주대학교의 중앙동아리는 기독교 동아리, 힙합 동아리, 공연 동아리, 어쿠스틱 밴드 동아리 ,여자 댄스 동아리, 밴드 동아리, 치어리딩 동아리, 패션 동아리, 사진 동아리, 보드게임 동아리, 그림 동아리, 볼링 동아리, 테니스 동아리, 농구 동아리, 봉사 동아리, 취업동아리, 창업동아리 등이 있습니다.",
종류,B_OG,강릉원주대학교 동아리 종류 알려줘,"""강릉원주대학교 원주캠퍼스의 중앙동아리는 기독교 동아리, 힙합 동아리, 공연 동아리, 어쿠스틱 밴드 동아리 ,여자 댄스 동아리, 밴드 동아리, 치어리딩 동아리, 패션 동아리, 사진 동아리, 보드게임 동아리, 그림 동아리, 볼링 동아리, 테니스 동아리, 농구 동아리, 봉사 동아리, 취업동아리, 창업동아리 등이 있습니다.""",
종류,B_TYP,중앙동아리 분과 종류 알려줘,"""강릉원주대학교 원주캠퍼스의 중앙동아리 분과는 종교분과, 공연분과, 취미분과, 체육분과, 봉사분과가 있습니다.""",
소개,B_OG,CCC에 대해 알려줘,"""CCC는 기독교 동아리입니다. Campus Crusade for Christ 라는 뜻을 가지고 있으며 한국대학생 선교회라고도 합니다. Movements everywhere, 모든 곳에 영적 운동을 일으켜서 주님의 지상명령성취에 동참하는 것을 가장 큰 비전으로 삼고 있습니다. CCC는 캠퍼스에서 하나님을 인격적으로 만나고, 주님의 평생 제자로 살아갈 수 있도록 훈련하여 민족과 세계 복음화를 비전으로 하는 기독교 동아리이며, 학교에서 정식으로 인정받은 건강한 공식 기독교 선교단체 입니다.""",
소개,B_OG,ccc에 대해 알려줘,"""CCC는 기독교 동아리입니다. Campus Crusade for Christ 라는 뜻을 가지고 있으며 한국대학생 선교회라고도 합니다. Movements everywhere, 모든 곳에 영적 운동을 일으켜서 주님의 지상명령성취에 동참하는 것을 가장 큰 비전으로 삼고 있습니다. CCC는 캠퍼스에서 하나님을 인격적으로 만나고, 주님의 평생 제자로 살아갈 수 있도록 훈련하여 민족과 세계 복음화를 비전으로 하는 기독교 동아리이며, 학교에서 정식으로 인정받은 건강한 공식 기독교 선교단체 입니다.""",
소개,B_OG,jdm에 대해 알려줘,"""기독교 동아리 JDM은 예수 제자 운동(Jesus Disciple Movement)의 줄임말로, 마태복음 28장 19-20절에 예수님께서 제자들에게 남기신 만인을 그리스도의 제자로 삼으라는 명령을 비전으로 삼아 만들어졌습니다. 전국 16개 지구, 해외 32개국, 총 300 여개의 캠퍼스에서 운동을 진행하고 있으며 복음전파, 제자훈련, 세계선교를 중심으로 사역하는 학원복음화 협의회에 가입된 건전한 선교 단체입니다.""",
소개,B_OG,JDM에 대해 알려줘,"""기독교 동아리 JDM은 예수 제자 운동(Jesus Disciple Movement)의 줄임말로, 마태복음 28장 19-20절에 예수님께서 제자들에게 남기신 만인을 그리스도의 제자로 삼으라는 명령을 비전으로 삼아 만들어졌습니다. 전국 16개 지구, 해외 32개국, 총 300 여개의 캠퍼스에서 운동을 진행하고 있으며 복음전파, 제자훈련, 세계선교를 중심으로 사역하는 학원복음화 협의회에 가입된 건전한 선교 단체입니다.""",
소개,B_OG,E.G.O에 대해 알려줘,E.G.O는 힙합동아리입니다.,
소개,B_OG,EGO에 대해 알려줘,E.G.O는 힙합동아리입니다.,
소개,B_OG,에고에 대해 알려줘,E.G.O는 힙합동아리입니다.,
소개,B_OG,ego에 대해 알려줘,E.G.O는 힙합동아리입니다.,
소개,B_OG,OST에 대해 알려줘,OST는 공연동아리입니다.,
소개,B_OG,ost에 대해 알려줘,OST는 공연동아리입니다.,
소개,B_OG,페르마타에 대해 알려줘,페르마타는 어쿠스틱 특유의 따듯함과 잔잔한 분위기의 음악을 좋아하는 사람들이 함께 즐기는 어쿠스틱 밴드 동아리입니다.,
소개,B_OG,뉴를리에 대해 알려줘,"뉴를리는 여자 댄스 동아리로, 정해진 기간 상관없이 항시 오디션을 열어놓고 있습니다. 시간에 제한 없이 자유롭게 지원해주세요.",
소개,B_OG,프레이즈에 대해 알려줘,프레이즈는 밴드동아리입니다.,
소개,B_OG,루시우스에 대해 알려줘,루시우스는 치어리딩동아리입니다.,
소개,B_OG,Tag the bills에 대해 알려줘,Tag the bills는 패션동아리입니다.,
소개,B_OG,Tagthebills에 대해 알려줘,Tag the bills는 패션동아리입니다.,
소개,B_OG,tagthebills에 대해 알려줘,Tag the bills는 패션동아리입니다.,
소개,B_OG,해시태그에 대해 알려줘,사진 동아리 해시태그의 소개글은 <오늘의 기억이 영원한 이야기가 되도록> 입니다.,
소개,B_OG,보드홀릭에 대해 알려줘,"""보드게임 동아리 보드홀릭은 정기적으로 동아리방을 대여하여 부원들이 보드게임을 하고 있고, 다빈치코드, 할리갈리, 루미큐브를 비롯해 20종의 보드게임을 소유하고 있습니다. 부원들의 의견을 받아 보드게임을 구매하고 있습니다.""",
소개,B_OG,팔레트에 대해 알려줘,팔레트는 그림동아리입니다.,
소개,B_OG,핀액션에 대해 알려줘,핀액션은 볼링동아리입니다.,
소개,B_OG,에이스에 대해 알려줘,에이스는 테니스동아리입니다.,
소개,B_OG,스핀 SPIN에 대해 알려줘,스핀 SPIN은 농구동아리입니다.,
소개,B_OG,SPIN에 대해 알려줘,스핀 SPIN은 농구동아리입니다.,
소개,B_OG,스핀에 대해 알려줘,스핀 SPIN은 농구동아리입니다.,
소개,B_OG,spin에 대해 알려줘,스핀 SPIN은 농구동아리입니다.,
소개,B_OG,RCY에 대해 알려줘,"""봉사동아리 RCY는 Red Cross Youth의 줄임말로, 청소년 적십자라고도 불립니다. 대한적십자사에서 운영하는 범세계적 청소년 단체로, 초등/ 중고등/ 대학 RCY로 나뉩니다. 본 동아리에 들어오면 동아리 활동 외에도, 강원도 내 진행되는 봉사활동을 공지받을 수 있습니다.""",
소개,B_OG,rcy에 대해 알려줘,"""봉사동아리 RCY는 Red Cross Youth의 줄임말로, 청소년 적십자라고도 불립니다. 대한적십자사에서 운영하는 범세계적 청소년 단체로, 초등/ 중고등/ 대학 RCY로 나뉩니다. 본 동아리에 들어오면 동아리 활동 외에도, 강원도 내 진행되는 봉사활동을 공지받을 수 있습니다.""",
소개,B_OG,게임 개발 동아리에 대해 알려줘,게임동아리의 소개글은 <게임을 출시해보고 싶다면? 게임 업계로 취업을 생각하고 있다면? 같이 게임개발하자!> 입니다.,
소개,B_OG,게임개발동아리에 대해 알려줘,게임동아리의 소개글은 <게임을 출시해보고 싶다면? 게임 업계로 취업을 생각하고 있다면? 같이 게임개발하자!> 입니다.,
소개,B_OG,깜냥깜냥에 대해 알려줘,깜냥깜냥은 취업동아리입니다.,
소개,B_OG,업텐션에 대해 알려줘,업텐션은 취업동아리입니다.,
소개,B_OG,GW게이밍에 대해 알려줘,GW게이밍은 취업동아리입니다.,
소개,B_OG,암행어사 마패에 대해 알려줘,암행어사 마패는 취업동아리입니다.,
소개,B_OG,2025년 취업새내기들에 대해 알려줘,2025년 취업새내기들은 취업동아리입니다.,
소개,B_OG,취뽀가보자에 대해 알려줘,취뽀가보자는 취업동아리입니다.,
소개,B_OG,whatever에 대해 알려줘,whatever은 취업동아리입니다.,
소개,B_OG,굿아이티어에 대해 알려줘,굿아이티어는 취업동아리입니다.,
소개,B_OG,신재생에너지 및 전력 ICT분야 취업하자!에 대해 알려줘,신재생에너지 및 전력 ICT분야 취업하자!는 취업동아리입니다.,
소개,B_OG,간바레에 대해 알려줘,간바레는 취업동아리입니다.,
소개,B_OG,취업동아리에 대해 알려줘,취업동아리 관련 안내 링크입니다. :) https://www.gwnu.ac.kr/kr/7897/subview.do?enc=Zm5jdDF8QEB8JTJGYmJzJTJGa3IlMkYxNjEzJTJGMjU4MjEzJTJGYXJ0Y2xWaWV3LmRvJTNG,
소개,B_OG,CCC 소개,"""CCC는 기독교 동아리입니다. Campus Crusade for Christ 라는 뜻을 가지고 있으며 한국대학생 선교회라고도 합니다. Movements everywhere, 모든 곳에 영적 운동을 일으켜서 주님의 지상명령성취에 동참하는 것을 가장 큰 비전으로 삼고 있습니다. CCC는 캠퍼스에서 하나님을 인격적으로 만나고, 주님의 평생 제자로 살아갈 수 있도록 훈련하여 민족과 세계 복음화를 비전으로 하는 기독교 동아리이며, 학교에서 정식으로 인정받은 건강한 공식 기독교 선교단체입니다.""",
기타,,3박4일 놀러가고 싶,답변할 수 없는 질문입니다. 수일 내로 답변을 업데이트 하겠습니다. 죄송합니다 :(,
기타,,3박4일 정도 놀러가고 싶,답변할 수 없는 질문입니다. 강릉원주대학교 원주캠퍼스 동아리에 대해서 질문해주세요.,
기타,,SD카드 망가졌어,강릉원주대학교 원주캠퍼스 동아리에 대해서 질문해주세요. 궁금하신 부분에 대해서 알려드릴게요. :),
기타,,SD카드 안돼,강릉원주대학교 원주캠퍼스 동아리에 대해서 질문해주시면 궁금하신 부분에 대해서 알려드릴게요. :),
기타,,SNS 맞팔 왜 안하지ㅠㅠ,답변할 수 없는 질문입니다. 강릉원주대학교 원주캠퍼스 동아리에 대해서 궁금하신 점이 있으신가요?,
가입방법,B_OG,CCC 가입방법 알려줘,CCC는 동아리방 방문 및 회장 번호로 가입신청 할 수 있습니다.,
가입방법,B_OG,JDM 가입방법 알려줘,JDM은 네이버폼을 통해 동아리에 가입신청 할 수 있습니다. JDM 가입신청 네이버폼 링크 https://naver.me/55yot5ko,
가입방법,B_OG,E.G.O 가입방법 알려줘,E.G.O 가입방법은 매년 초 에브리타임에 공고되고 있습니다.,
가입방법,B_OG,OST 가입방법 알려줘,OST 가입방법은 매년 초 에브리타임에 공고되고 있습니다.,
가입방법,B_OG,ccc 가입방법 알려줘,CCC는 동아리방 방문 및 회장 번호로 가입신청 할 수 있습니다.,
가입방법,B_OG,jdm 가입방법 알려줘,JDM은 네이버폼을 통해 동아리에 가입신청 할 수 있습니다. JDM 가입신청 네이버폼 링크 https://naver.me/55yot5ko,
가입방법,B_OG,EGO 가입방법 알려줘,E.G.O 가입방법은 매년 초 에브리타임에 공고되고 있습니다.,
가입방법,B_OG,ost 가입방법 알려줘,OST 가입방법은 매년 초 에브리타임에 공고되고 있습니다.,
가입방법,B_OG,ego 가입방법 알려줘,E.G.O 가입방법은 매년 초 에브리타임에 공고되고 있습니다.,
가입방법,B_OG,에고 가입방법 알려줘,E.G.O 가입방법은 매년 초 에브리타임에 공고되고 있습니다.,
가입방법,B_OG,페르마타 가입방법 알려줘,페르마타는 동아리회장 번호로 신청양식을 보내 가입신청 할 수 있습니다.,
가입방법,B_OG,뉴를리 가입방법 알려줘,뉴를리는 안무영상 1~3분 이내 카카오톡 오픈채팅 링크로 제출(이름/학번/학과 + 지원영상)하여 가입신청 할 수 있습니다. 오픈채팅 링크 : https://open.kakao.com/o/stCIT76f,
가입방법,B_OG,프레이즈 가입방법 알려줘,프레이즈는 학과/학번/이름/전화번호/지원분야 양식 맞춰 회장 번호로 문자지원하여 가입신청 할 수 있습니다.,
가입방법,B_OG,루시우스 가입방법 알려줘,루시우스는 오픈채팅으로 학과/학번/이름을 보내 가입신청 할 수 있습니다.,
가입방법,B_OG,Tag the bills 가입방법 알려줘,Tag the bills 가입방법은 매년 초 에브리타임에 공고되고 있습니다.,
가입방법,B_OG,Tagthebills 가입방법 알려줘,Tag the bills 가입방법은 매년 초 에브리타임에 공고되고 있습니다.,
가입방법,B_OG,tagthebills 가입방법 알려줘,Tag the bills 가입방법은 매년 초 에브리타임에 공고되고 있습니다.,
가입방법,B_OG,해시태그 가입방법 알려줘,해시태그는 구글 폼 지원서 작성(큐알코드)을 통해 가입신청 할 수 있습니다.,
가입방법,B_OG,보드홀릭 가입방법 알려줘,보드홀릭은 모집글을 통해 가입신청 할 수 있습니다. 모집글 링크 : https://naver.me/x3q1kVZp,
가입방법,B_OG,팔레트 가입방법 알려줘,팔레트 가입방법은 매년 초 에브리타임에 공고되고 있습니다.,
가입방법,B_OG,핀액션 가입방법 알려줘,핀액션은 카카오톡으로 연락하여 가입신청 할 수 있습니다. 카카오톡 아이디 : awh9974,
가입방법,B_OG,에이스 가입방법 알려줘,에이스 가입방법은 매년 초 에브리타임에 공고되고 있습니다.,
가입방법,B_OG,스핀 SPIN 가입방법 알려줘,스핀 SPIN은 학과 학번 이름 작성해 문자지원하여 가입신청 할 수 있습니다.,
가입방법,B_OG,스핀 가입방법 알려줘,스핀 SPIN은 학과 학번 이름 작성해 문자지원하여 가입신청 할 수 있습니다.,
가입방법,B_OG,SPIN 가입방법 알려줘,스핀 SPIN은 학과 학번 이름 작성해 문자지원하여 가입신청 할 수 있습니다.,
가입방법,B_OG,spin 가입방법 알려줘,스핀 SPIN은 학과 학번 이름 작성해 문자지원하여 가입신청 할 수 있습니다.,
가입방법,B_OG,Spin 가입방법 알려줘,스핀 SPIN은 학과 학번 이름 작성해 문자지원하여 가입신청 할 수 있습니다.,
가입방법,B_OG,RCY 가입방법 알려줘,RCY 가입방법은 매년 강릉원주대학교 에브리타임에서 공지되고 있습니다.,
가입방법,B_OG,rcy 가입방법 알려줘,RCY 가입방법은 매년 강릉원주대학교 에브리타임에서 공지되고 있습니다.,
가입방법,B_OG,게임 개발 동아리 가입방법 알려줘,게임 개발 동아리는 문자지원하여 가입신청 할 수 있습니다.,
가입방법,B_OG,게임개발동아리 가입방법 알려줘,게임 개발 동아리는 문자지원하여 가입신청 할 수 있습니다.,
가입방법,B_OG,취업동아리 가입방법 알려줘,취업동아리는 참가신청서를 작성해 학생성공지원과에 제출하여 신청할 수 있습니다. 관련 링크 : https://www.gwnu.ac.kr/kr/7897/subview.do?enc=Zm5jdDF8QEB8JTJGYmJzJTJGa3IlMkYxNjEzJTJGMjU4MjEzJTJGYXJ0Y2xWaWV3LmRvJTNG,
가입방법,B_OG,CCC 모집기간 알려줘,CCC 모집기간은 매년 에브리타임에서 공고되고 있습니다.,
가입방법,B_OG,JDM 모집기간 알려줘,JDM 모집기간은 매년 에브리타임에서 공고되고 있습니다.,
가입방법,B_OG,E.G.O 모집기간 알려줘,E.G.O 모집기간은 매년 에브리타임에서 공고되고 있습니다.,
가입방법,B_OG,OST 모집기간 알려줘,OST 모집기간은 매년 에브리타임에서 공고되고 있습니다.,
가입방법,B_OG,ccc 모집기간 알려줘,CCC 모집기간은 매년 에브리타임에서 공고되고 있습니다.,
가입방법,B_OG,jdm 모집기간 알려줘,JDM 모집기간은 매년 에브리타임에서 공고되고 있습니다.,
가입방법,B_OG,EGO 모집기간 알려줘,E.G.O 모집기간은 매년 에브리타임에서 공고되고 있습니다.,
가입방법,B_OG,ost 모집기간 알려줘,OST 모집기간은 매년 에브리타임에서 공고되고 있습니다.,
가입방법,B_OG,ego 모집기간 알려줘,E.G.O 모집기간은 매년 에브리타임에서 공고되고 있습니다.,
가입방법,B_OG,에고 모집기간 알려줘,E.G.O 모집기간은 매년 에브리타임에서 공고되고 있습니다.,
가입방법,B_OG,Tag the bills 모집기간 알려줘,Tag the bills 모집기간은 매년 에브리타임에서 공고되고 있습니다.,
가입방법,B_OG,페르마타 모집기간 알려줘,페르마타 모집기간은 매년 에브리타임에서 공고되고 있습니다.,
가입방법,B_OG,뉴를리 모집기간 알려줘,뉴를리는 항시모집하고 있습니다.,
가입방법,B_OG,프레이즈 모집기간 알려줘,프레이즈 모집기간은 2024년 03월 07일 18:00까지입니다.,
가입방법,B_OG,루시우스 모집기간 알려줘,루시우스 모집기간은 2024년 03월 15일 18시까지입니다.,
가입방법,B_OG,Tagthebills 모집기간 알려줘,Tag the bills 모집기간은 매년 에브리타임에서 공고되고 있습니다.,
가입방법,B_OG,tagthebills 모집기간 알려줘,Tag the bills 모집기간은 매년 에브리타임에서 공고되고 있습니다.,
가입방법,B_OG,해시태그 모집기간 알려줘,해시태그 모집기간은 2월 9일 ~ 3월 8일입니다.,
가입방법,B_OG,보드홀릭 모집기간 알려줘,보드홀릭은 상시모집하고 있습니다.,
가입방법,B_OG,팔레트 모집기간 알려줘,팔레트 모집기간은 매년 에브리타임에서 공고되고 있습니다.,
가입방법,B_OG,핀액션 모집기간 알려줘,핀액션 모집기간은 4월 12일 19시까지입니다.,
가입방법,B_OG,에이스 모집기간 알려줘,에이스 모집기간은 매년 에브리타임에서 공고되고 있습니다.,
가입방법,B_OG,스핀 SPIN 모집기간 알려줘,스핀 SPIN 모집기간은 매년 에브리타임에서 공고되고 있습니다.,
가입방법,B_OG,스핀 모집기간 알려줘,스핀 SPIN 모집기간은 매년 에브리타임에서 공고되고 있습니다.,
가입방법,B_OG,SPIN 모집기간 알려줘,스핀 SPIN 모집기간은 매년 에브리타임에서 공고되고 있습니다.,
가입방법,B_OG,spin 모집기간 알려줘,스핀 SPIN 모집기간은 매년 에브리타임에서 공고되고 있습니다.,
가입방법,B_OG,Spin 모집기간 알려줘,스핀 SPIN 모집기간은 매년 에브리타임에서 공고되고 있습니다.,
가입방법,B_OG,rcy 모집기간 알려줘,RCY 모집기간은 매년 에브리타임에서 공고되고 있습니다.,
가입방법,B_OG,RCY 모집기간 알려줘,RCY 모집기간은 매년 에브리타임에서 공고되고 있습니다.,
가입방법,B_OG,게임 개발 동아리 모집기간 알려줘,게임 개발 동아리 모집기간은 매년 에브리타임에서 공고되고 있습니다.,
가입방법,B_OG,취업동아리 모집기간 알려줘,취업동아리 신청 관련 안내 링크는 다음과 같습니다. :) https://www.gwnu.ac.kr/kr/7897/subview.do?enc=Zm5jdDF8QEB8JTJGYmJzJTJGa3IlMkYxNjEzJTJGMjU4MjEzJTJGYXJ0Y2xWaWV3LmRvJTNG,
가입방법,B_OG,CCC 모집대상 알려줘,CCC 모집대상은 전학우입니다.,
가입방법,B_OG,JDM 모집대상 알려줘,JDM 모집대상은 전학우입니다.,
가입방법,B_OG,E.G.O 모집대상 알려줘,E.G.O 모집대상은 전학우입니다.,
가입방법,B_OG,OST 모집기간 알려줘,OST 모집대상은 전학우입니다.,
가입방법,B_OG,ccc 모집대상 알려줘,CCC 모집대상은 전학우입니다.,
가입방법,B_OG,jdm 모집대상 알려줘,JDM 모집대상은 전학우입니다.,
가입방법,B_OG,EGO 모집대상 알려줘,E.G.O 모집대상은 전학우입니다.,
가입방법,B_OG,ost 모집대상 알려줘,OST 모집대상은 전학우입니다.,
가입방법,B_OG,ego 모집대상 알려줘,E.G.O 모집대상은 전학우입니다.,
가입방법,B_OG,에고 모집대상 알려줘,E.G.O 모집대상은 전학우입니다.,
가입방법,B_OG,Tagthebills 모집대상 알려줘,Tag the bills 모집대상은 전학우입니다.,
가입방법,B_OG,tagthebills 모집대상 알려줘,Tag the bills 모집대상은 전학우입니다.,
가입방법,B_OG,스핀 모집대상 알려줘,스핀 SPIN 모집대상은 1주 1회이상 꾸준히 활동 가능한 분입니다.,
가입방법,B_OG,SPIN 모집대상 알려줘,스핀 SPIN 모집대상은 1주 1회이상 꾸준히 활동 가능한 분입니다.,
가입방법,B_OG,spin 모집대상 알려줘,스핀 SPIN 모집대상은 1주 1회이상 꾸준히 활동 가능한 분입니다.,
가입방법,B_OG,페르마타 모집대상 알려줘,"페르마타 모집대상은 강릉원주대학교 원주캠퍼스 신입생 및 재학생입니다. 모집분야는 <보컬, 기타(어쿠스틱/클래식/일렉/베이스), 건반, 카혼, 젬베 + 기타 입문자>입니다.",
가입방법,B_OG,뉴를리 모집대상 알려줘,뉴를리 모집대상은 강릉원주대학교 원주캠퍼스 전학년 여학우입니다.,
가입방법,B_OG,프레이즈 모집대상 알려줘,"프레이즈 모집대상은 밴드에 관심있는 강릉원주대학교 원주캠퍼스 학생입니다. 모집분야는 <보컬, 기타, 베이스, 드럼, 건반 등>입니다.",
가입방법,B_OG,루시우스 모집대상 알려줘,루시우스 모집대상은 성별무관 강릉원주대 원주캠퍼스 재학생입니다.,
가입방법,B_OG,Tag the bills 모집대상 알려줘,Tag the bills 모집대상은 전학우입니다.,
가입방법,B_OG,해시태그 모집대상 알려줘,해시태그 모집대상은 사진찍기를 좋아하거나 관심있는 모든 학우들입니다,
가입방법,B_OG,보드홀릭 모집대상 알려줘,보드홀릭 모집대상은 재학생 누구나입니다.,
가입방법,B_OG,팔레트 모집대상 알려줘,팔레트 모집대상은 전학우입니다.,
가입방법,B_OG,핀액션 모집대상 알려줘,핀액션 모집대상은 실력에 상관 없이 볼링에 관심 있는 사람입니다.,
가입방법,B_OG,에이스 모집대상 알려줘,에이스 모집대상은 전학우입니다.,
가입방법,B_OG,스핀 SPIN 모집대상 알려줘,스핀 SPIN 모집대상은 1주 1회이상 꾸준히 활동 가능한 분입니다.,
가입방법,B_OG,RCY 모집대상 알려줘,RCY 모집대상은 전학우입니다.,
가입방법,B_OG,rcy 모집대상 알려줘,RCY 모집대상은 전학우입니다.,
가입방법,B_OG,게임 개발 동아리 모집대상 알려줘,"게임 개발 동아리 모집대상은 <아트(3D, 픽셀아트, 일러스트), 프로그래머>입니다.",
가입방법,B_OG,게임개발동아리 모집대상 알려줘,"게임 개발 동아리 모집대상은 <아트(3D, 픽셀아트, 일러스트), 프로그래머>입니다.",
가입방법,,동아리 들어가는법,동아리 가입방법에 대해서는 매년 에브리타임에 공지되거나 포스터를 통해 확인하실 수 있습니다. 어떤 동아리에 가입하고 싶으신가요?,
위치,B_OG,ccc 동아리방 위치 알려줘,CCC 동아리방 위치는 W11 학생복지관 219호 입니다.,
위치,B_OG,jdm 동아리방 위치 알려줘,JDM 동아리방 위치는 W11 학생복지관 216호 입니다.,
위치,B_OG,EGO 동아리방 위치 알려줘,E.G.O 동아리방 위치는 W11 학생복지관 226호 입니다.,
위치,B_OG,ost 동아리방 위치 알려줘,OST 동아리방 위치는 W11 학생복지관 209호 입니다.,
위치,B_OG,ego 동아리방 위치 알려줘,E.G.O 동아리방 위치는 W11 학생복지관 226호 입니다.,
위치,B_OG,에고 동아리방 위치 알려줘,E.G.O 동아리방 위치는 W11 학생복지관 226호 입니다.,
위치,B_OG,Tagthebills 동아리방 위치 알려줘,Tag the bills는 대여동아리방을 사용합니다.,
위치,B_OG,tagthebills 동아리방 위치 알려줘,Tag the bills는 대여동아리방을 사용합니다.,
위치,B_OG,스핀 동아리방 위치 알려줘,스핀 SPIN 동아리방 위치는 W11 학생복지관 212호 입니다.,
위치,B_OG,SPIN 동아리방 위치 알려줘,스핀 SPIN 동아리방 위치는 W11 학생복지관 212호 입니다.,
위치,B_OG,spin 동아리방 위치 알려줘,스핀 SPIN 동아리방 위치는 W11 학생복지관 212호 입니다.,
위치,B_OG,rcy 동아리방 위치 알려줘,RCY 동아리방 위치는 W11 학생복지관 208호 입니다.,
위치,B_OG,CCC 동아리방 위치 알려줘,CCC 동아리방 위치는 W11 학생복지관 219호 입니다.,
위치,B_OG,JDM 동아리방 위치 알려줘,JDM 동아리방 위치는 W11 학생복지관 216호 입니다.,
위치,B_OG,E.G.O 동아리방 위치 알려줘,E.G.O 동아리방 위치는 W11 학생복지관 226호 입니다.,
위치,B_OG,OST 동아리방 위치 알려줘,OST 동아리방 위치는 W11 학생복지관 209호 입니다.,
위치,B_OG,페르마타 동아리방 위치 알려줘,페르마타 동아리방 위치는 W11 학생복지관 228호 입니다.,
위치,B_OG,뉴를리 동아리방 위치 알려줘,뉴를리는 대여동아리방을 사용합니다.,
위치,B_OG,프레이즈 동아리방 위치 알려줘,프레이즈 동아리방 위치는 W11 학생복지관 229호 입니다.,
위치,B_OG,루시우스 동아리방 위치 알려줘,루시우스 동아리방 위치는 W11 학생복지관 227호 입니다.,
위치,B_OG,Tag the bills 동아리방 위치 알려줘,Tag the bills는 대여동아리방을 사용합니다.,
위치,B_OG,해시태그 동아리방 위치 알려줘,해시태그 동아리방 위치는 W11 학생복지관 215호 입니다.,
위치,B_OG,보드홀릭 동아리방 위치 알려줘,보드홀릭은 대여동아리방을 사용합니다.,
위치,B_OG,팔레트 동아리방 위치 알려줘,팔레트 동아리방 위치는 W11 학생복지관 214호 입니다.,
위치,B_OG,핀액션 동아리방 위치 알려줘,핀액션은 대여동아리방을 사용합니다.,
위치,B_OG,에이스 동아리방 위치 알려줘,에이스 동아리방 위치는 W11 학생복지관 217호 입니다.,
위치,B_OG,스핀 SPIN 동아리방 위치 알려줘,스핀 SPIN 동아리방 위치는 W11 학생복지관 212호 입니다.,
위치,B_OG,RCY 동아리방 위치 알려줘,RCY 동아리방 위치는 W11 학생복지관 208호 입니다.,
위치,B_OG,게임 개발 동아리 동아리방 위치 알려줘,게임 개발 동아리는 대여동아리방을 사용합니다.,
위치,B_OG,깜냥깜냥 동아리방 위치 알려줘,취업동아리는 동아리방이 없습니다.,
활동,B_OG,ccc 활동내용 알려줘,"""CCC는 다음과 같은 활동을 합니다.  1. 순모임 : 1:1로 선배 멘토와 함께 매주 즐거운 성경 공부와 여러 가지 개인적인 일, 학교 생활 등에 대한 이야기를 나눕니다.  2. 캠퍼스 모임 : 학교에 있는 CCC 선배들과 함께하는 동아리 모임으로, 매주 월요일 18:50분에 동아리방에서 진행됩니다. 찬양과 말씀, 그리고 게임과 나눔 등 풍성한 시간들이 기다리고 있어요!   3. 지구 채플 : CCC는 강릉원주대학교 뿐만 아니라 원주에 있는 7개의 대학교(강릉원주대, 경동대, 상지대, 송호대, 연세대, 연세의대, 한라대)에도 있다는 사실! 알고 계셨나요? 7개의 대학교에서 활동하고 있는 C맨들과 한 자리에 모여 함께 예배하고 나누며 교제하는 시간입니다.  4. 아침기도회 :  매주 월화수목 아침 8시에 동아리방에 함께 모여 진행하는 큐티모임입니다. 매일 아침 말씀으로 하루를 시작하고 풍성한 은혜를 누릴 수 있답니다!""",
활동,B_OG,jdm 활동내용 알려줘,"""현재 JDM은 Q.T, 기도회, 소그룹 등 다양한 활동을 진행하고 있습니다 또한 원주 안에 있는 다른 캠퍼스(연세대학교 미래캠퍼스, 상지대학교, 한라대학교)와 연합하여 JDM 원주지구로서 화요집회, 여름/겨울 집회, 비전트립 등의 활동도 하며, 한 해를 가득가득 채워나가고 있답니다.""",
활동,B_OG,EGO 활동내용 알려줘,E.G.O 활동내용은 해당 동아리에 직접 문의하여 주시기 바랍니다. :),
활동,B_OG,ost 활동내용 알려줘,OST 활동내용은 해당 동아리에 직접 문의하여 주시기 바랍니다. :),
활동,B_OG,ego 활동내용 알려줘,E.G.O 활동내용은 해당 동아리에 직접 문의하여 주시기 바랍니다. :),
활동,B_OG,에고 활동내용 알려줘,E.G.O 활동내용은 해당 동아리에 직접 문의하여 주시기 바랍니다. :),
활동,B_OG,Tagthebills 활동내용 알려줘,Tag the bills 활동내용은 해당 동아리에 직접 문의하여 주시기 바랍니다. :),
활동,B_OG,tagthebills 활동내용 알려줘,Tag the bills 활동내용은 해당 동아리에 직접 문의하여 주시기 바랍니다. :),
활동,B_OG,스핀 활동내용 알려줘,"""스핀 SPIN 활동은 5:5 3:3 경기와 타대학 농구동아리들과 교류전, 기본기 연습 등을 진행합니다. 대학교 동아리 대회도 참여하고 있습니다.""",
활동,B_OG,SPIN 활동내용 알려줘,"""스핀 SPIN 활동은 5:5 3:3 경기와 타대학 농구동아리들과 교류전, 기본기 연습 등을 진행합니다. 대학교 동아리 대회도 참여하고 있습니다.""",
활동,B_OG,spin 활동내용 알려줘,"""스핀 SPIN 활동은 5:5 3:3 경기와 타대학 농구동아리들과 교류전, 기본기 연습 등을 진행합니다. 대학교 동아리 대회도 참여하고 있습니다.""",
활동,B_OG,rcy 활동내용 알려줘,"""RCY는 부원분들의 의견을 최대한 반영하여 운영되어질 예정입니다. RCY에서 봉사활동을 하며 봉사 시간도 얻고 뜻깊은 경험과 좋은 인연도 얻어가세요. RCY 모집 공고는 매년 강릉원주대학교 에브리타임에서 공지되고 있습니다.""",
활동,B_OG,게임개발동아리 활동내용 알려줘,게임 개발 동아리는 게임을 개발하고 출시합니다.,
활동,B_OG,CCC 활동내용 알려줘,"""CCC는 다음과 같은 활동을 합니다.  1. 순모임 : 1:1로 선배 멘토와 함께 매주 즐거운 성경 공부와 여러 가지 개인적인 일, 학교 생활 등에 대한 이야기를 나눕니다.  2. 캠퍼스 모임 : 학교에 있는 CCC 선배들과 함께하는 동아리 모임으로, 매주 월요일 18:50분에 동아리방에서 진행됩니다. 찬양과 말씀, 그리고 게임과 나눔 등 풍성한 시간들이 기다리고 있어요!   3. 지구 채플 : CCC는 강릉원주대학교 뿐만 아니라 원주에 있는 7개의 대학교(강릉원주대, 경동대, 상지대, 송호대, 연세대, 연세의대, 한라대)에도 있다는 사실! 알고 계셨나요? 7개의 대학교에서 활동하고 있는 C맨들과 한 자리에 모여 함께 예배하고 나누며 교제하는 시간입니다.  4. 아침기도회 :  매주 월화수목 아침 8시에 동아리방에 함께 모여 진행하는 큐티모임입니다. 매일 아침 말씀으로 하루를 시작하고 풍성한 은혜를 누릴 수 있답니다!""",
활동,B_OG,JDM 활동내용 알려줘,"""현재 JDM은 Q.T, 기도회, 소그룹 등 다양한 활동을 진행하고 있습니다 또한 원주 안에 있는 다른 캠퍼스(연세대학교 미래캠퍼스, 상지대학교, 한라대학교)와 연합하여 JDM 원주지구로서 화요집회, 여름/겨울 집회, 비전트립 등의 활동도 하며, 한 해를 가득가득 채워나가고 있답니다.""",
활동,B_OG,E.G.O 활동내용 알려줘,E.G.O 활동내용은 해당 동아리에 직접 문의하여 주시기 바랍니다. :),
활동,B_OG,OST 활동내용 알려줘,OST 활동내용은 해당 동아리에 직접 문의하여 주시기 바랍니다. :),
활동,B_OG,페르마타 활동내용 알려줘,페르마타 활동내용은 해당 동아리에 직접 문의하여 주시기 바랍니다. :),
활동,B_OG,뉴를리 활동내용 알려줘,뉴를리 활동내용은 해당 동아리에 직접 문의하여 주시기 바랍니다. :),
활동,B_OG,프레이즈 활동내용 알려줘,프레이즈 활동내용은 해당 동아리에 직접 문의하여 주시기 바랍니다. :),
활동,B_OG,루시우스 활동내용 알려줘,루시우스 활동내용은 해당 동아리에 직접 문의하여 주시기 바랍니다. :),
활동,B_OG,Tag the bills 활동내용 알려줘,Tag the bills 활동내용은 해당 동아리에 직접 문의하여 주시기 바랍니다. :),
활동,B_OG,해시태그 활동내용 알려줘,해시태그 활동내용은 해당 동아리에 직접 문의하여 주시기 바랍니다. :),
활동,B_OG,보드홀릭 활동내용 알려줘,"""보드홀릭은 정기적으로 동아리방을 대여하여 부원들이 보드게임을 하고 있고, 동아리 내에서 보드게임 토너먼트 대회나 보드게임카페 등 다양한 이벤트도 하고 있습니다.""",
활동,B_OG,팔레트 활동내용 알려줘,팔레트 활동내용은 해당 동아리에 직접 문의하여 주시기 바랍니다. :),
활동,B_OG,핀액션 활동내용 알려줘,핀액션 활동은 카카오톡으로 문의하여주시기 바랍니다. :) 카카오톡 아이디 : awh9974,
활동,B_OG,에이스 활동내용 알려줘,에이스 활동내용은 해당 동아리에 직접 문의하여 주시기 바랍니다. :),
활동,B_OG,스핀 SPIN 활동내용 알려줘,"""스핀 SPIN 활동은 5:5 3:3 경기와 타대학 농구동아리들과 교류전, 기본기 연습 등을 진행합니다. 대학교 동아리 대회도 참여하고 있습니다.""",
활동,B_OG,RCY 활동내용 알려줘,"""RCY는 부원분들의 의견을 최대한 반영하여 운영되어질 예정입니다. RCY에서 봉사활동을 하며 봉사 시간도 얻고 뜻깊은 경험과 좋은 인연도 얻어가세요. RCY 모집 공고는 매년 강릉원주대학교 에브리타임에서 공지되고 있습니다.""",
활동,B_OG,게임 개발 동아리 활동내용 알려줘,게임 개발 동아리는 게임을 개발하고 출시합니다.,
생성,B_TYP,중앙동아리 만드는법 알려줘,동아리 생성 관련 안내 링크입니다. :) https://gwnuclubs.modoo.at/?link=9wijj90u,
생성,,동아리 어떻게 만들어?,동아리 생성 관련 안내 링크입니다. :) https://gwnuclubs.modoo.at/?link=9wijj91u,
생성,,동아리 생성,동아리 생성 관련 안내 링크입니다. :) https://gwnuclubs.modoo.at/?link=9wijj92u,
생성,,동아리 만들고싶어,동아리 생성 관련 안내 링크입니다. :) https://gwnuclubs.modoo.at/?link=9wijj93u,
생성,,동아리 만들려면 어떻게 해야해?,동아리 생성 관련 안내 링크입니다. :) https://gwnuclubs.modoo.at/?link=9wijj94u,
생성,,동아리 만드려면 어떻게 해야돼?,동아리 생성 관련 안내 링크입니다. :) https://gwnuclubs.modoo.at/?link=9wijj95u,
생성,,도아리 만드는법,동아리 생성 관련 안내 링크입니다. :) https://gwnuclubs.modoo.at/?link=9wijj96u,
생성,,도아리 생성하는법,동아리 생성 관련 안내 링크입니다. :) https://gwnuclubs.modoo.at/?link=9wijj97u,
생성,,동아리 생성하는법 알려줘,동아리 생성 관련 안내 링크입니다. :) https://gwnuclubs.modoo.at/?link=9wijj98u,
생성,,동아리 만들기,동아리 생성 관련 안내 링크입니다. :) https://gwnuclubs.modoo.at/?link=9wijj99u,
생성,,도아리 만들고싶어,동아리 생성 관련 안내 링크입니다. :) https://gwnuclubs.modoo.at/?link=9wijj100u,
생성,B_OG,취동 생성,취업동아리 관련 안내 링크입니다. :) https://www.gwnu.ac.kr/kr/7897/subview.do?enc=Zm5jdDF8QEB8JTJGYmJzJTJGa3IlMkYxNjEzJTJGMjU4MjEzJTJGYXJ0Y2xWaWV4LmRvJTNG,
생성,B_OG,취동 만들기,취업동아리 관련 안내 링크입니다. :) https://www.gwnu.ac.kr/kr/7897/subview.do?enc=Zm5jdDF8QEB8JTJGYmJzJTJGa3IlMkYxNjEzJTJGMjU4MjEzJTJGYXJ0Y2xWaWV5LmRvJTNG,
생성,,동아리 만들고싶어,동아리 생성 관련 안내 링크입니다. :) https://gwnuclubs.modoo.at/?link=9wijj101u,
생성,,동아리 생성하는법 알려줘,동아리 생성 관련 안내 링크입니다. :) https://gwnuclubs.modoo.at/?link=9wijj102u,
생성,B_TYP,중앙동아리 되는 법 알려줘,중앙동아리 관련 안내 링크입니다. :) https://gwnuclubs.modoo.at/?link=9wijj90u,
회비,B_OG,CCC 회비 얼만지 알려줘,CCC 동아리 회비는 해당 동아리에 직접 문의 부탁드립니다,
회비,B_OG,JDM 회비 얼만지 알려줘,JDM 동아리 회비는 해당 동아리에 직접 문의 부탁드립니다,
회비,B_OG,ccc 회비 얼만지 알려줘,CCC 동아리 회비는 해당 동아리에 직접 문의 부탁드립니다,
회비,B_OG,jdm 회비 얼만지 알려줘,JDM 동아리 회비는 해당 동아리에 직접 문의 부탁드립니다,
회비,B_OG,E.G.O 회비 얼만지 알려줘,E.G.O 동아리 회비는 해당 동아리에 직접 문의 부탁드립니다,
회비,B_OG,EGO 회비 얼만지 알려줘,E.G.O 동아리 회비는 해당 동아리에 직접 문의 부탁드립니다,
회비,B_OG,ego 회비 얼만지 알려줘,E.G.O 동아리 회비는 해당 동아리에 직접 문의 부탁드립니다,
회비,B_OG,OST 회비 얼만지 알려줘,OST 동아리 회비는 해당 동아리에 직접 문의 부탁드립니다,
회비,B_OG,ost 회비 얼만지 알려줘,OST 동아리 회비는 해당 동아리에 직접 문의 부탁드립니다,
회비,B_OG,페르마타 회비 얼만지 알려줘,페르마타 동아리 회비는 해당 동아리에 직접 문의 부탁드립니다,
회비,B_OG,뉴를리 회비 얼만지 알려줘,뉴를리 동아리 회비는 해당 동아리에 직접 문의 부탁드립니다,
회비,B_OG,프레이즈 회비 얼만지 알려줘,프레이즈 동아리 회비는 해당 동아리에 직접 문의 부탁드립니다,
회비,B_OG,루시우스 회비 얼만지 알려줘,루시우스 동아리 회비는 해당 동아리에 직접 문의 부탁드립니다,
회비,B_OG,Tag the bills 회비 얼만지 알려줘,Tag the bills 동아리 회비는 해당 동아리에 직접 문의 부탁드립니다,
회비,B_OG,Tagthebills 회비 얼만지 알려줘,Tag the bills 동아리 회비는 해당 동아리에 직접 문의 부탁드립니다,
회비,B_OG,tagthebills 회비 얼만지 알려줘,Tag the bills 동아리 회비는 해당 동아리에 직접 문의 부탁드립니다,
회비,B_OG,해시태그 회비 얼만지 알려줘,해시태그 동아리 회비는 해당 동아리에 직접 문의 부탁드립니다,
회비,B_OG,보드홀릭 회비 얼만지 알려줘,보드홀릭 동아리 회비는 학기당 8000원 입니다.,
회비,B_OG,팔레트 회비 얼만지 알려줘,팔레트 동아리 회비는 해당 동아리에 직접 문의 부탁드립니다,
회비,B_OG,핀액션 회비 얼만지 알려줘,핀액션 동아리 회비는 학기당 5000원 입니다.,
회비,B_OG,에이스 회비 얼만지 알려줘,에이스 동아리 회비는 해당 동아리에 직접 문의 부탁드립니다,
회비,B_OG,스핀 SPIN 회비 얼만지 알려줘,스핀 SPIN 동아리 회비는 해당 동아리에 직접 문의 부탁드립니다,
회비,B_OG,spin 회비 얼만지 알려줘,스핀 SPIN 동아리 회비는 해당 동아리에 직접 문의 부탁드립니다,
회비,B_OG,SPIN 회비 얼만지 알려줘,스핀 SPIN 동아리 회비는 해당 동아리에 직접 문의 부탁드립니다,
회비,B_OG,Spin 회비 얼만지 알려줘,스핀 SPIN 동아리 회비는 해당 동아리에 직접 문의 부탁드립니다,
회비,B_OG,스핀 회비 얼만지 알려줘,스핀 SPIN 동아리 회비는 해당 동아리에 직접 문의 부탁드립니다,
회비,B_OG,RCY 회비 얼만지 알려줘,RCY 동아리 회비는 해당 동아리에 직접 문의 부탁드립니다,
회비,B_OG,rcy 회비 얼만지 알려줘,RCY 동아리 회비는 해당 동아리에 직접 문의 부탁드립니다,
회비,B_OG,게임 개발 동아리 회비 얼만지 알려줘,게임 개발 동아리 동아리 회비는 해당 동아리에 직접 문의 부탁드립니다,
회비,B_OG,게임개발동아리 회비 얼만지 알려줘,게임 개발 동아리 동아리 회비는 해당 동아리에 직접 문의 부탁드립니다,
회비,B_OG,게임개발 동아리 회비 얼만지 알려줘,게임 개발 동아리 동아리 회비는 해당 동아리에 직접 문의 부탁드립니다,
회비,B_OG,게임 개발동아리 회비 얼만지 알려줘,게임 개발 동아리 동아리 회비는 해당 동아리에 직접 문의 부탁드립니다,
회비,B_OG,취업동아리 회비 얼만지 알려줘,취업동아리는 회비가 없습니다.,
회비,B_OG,학습동아리 회비 얼만지 알려줘,학습동아리는 회비가 없습니다.,
회비,B_OG,창업동아리 회비 얼만지 알려줘,창업동아리는 회비가 없습니다.,
분류,B_OG,강릉원주대학교 동아리 분류 알려줘,"강릉원주대학교 원주캠퍼스에는 중앙동아리, 가등록동아리, 취업동아리, 학습동아리, 창업동아리 등이 있습니다.",
분류,B_OG,릉주대학교 동아리 분류 알려줘,"강릉원주대학교 원주캠퍼스에는 중앙동아리, 가등록동아리, 취업동아리, 학습동아리, 창업동아리 등이 있습니다.",
분류,B_OG,강릉원주대학교 원주캠퍼스 동아리 분류 알려줘,"강릉원주대학교 원주캠퍼스에는 중앙동아리, 가등록동아리, 취업동아리, 학습동아리, 창업동아리 등이 있습니다.",
분류,B_OG,릉주대 동아리 분류 알려줘,"강릉원주대학교 원주캠퍼스에는 중앙동아리, 가등록동아리, 취업동아리, 학습동아리, 창업동아리 등이 있습니다.",
분류,B_OG,릉주대 원캠 동아리 분류 알려줘,"강릉원주대학교 원주캠퍼스에는 중앙동아리, 가등록동아리, 취업동아리, 학습동아리, 창업동아리 등이 있습니다.",
분류,B_OG,강릉원주대학교 원캠 동아리 분류 알려줘,"강릉원주대학교 원주캠퍼스에는 중앙동아리, 가등록동아리, 취업동아리, 학습동아리, 창업동아리 등이 있습니다.",
분류,B_OG,릉주대 원주캠퍼스 동아리 분류 알려줘,"강릉원주대학교 원주캠퍼스에는 중앙동아리, 가등록동아리, 취업동아리, 학습동아리, 창업동아리 등이 있습니다.",
분류,B_OG,강릉원주대학교 원주캠 동아리 분류 알려줘,"강릉원주대학교 원주캠퍼스에는 중앙동아리, 가등록동아리, 취업동아리, 학습동아리, 창업동아리 등이 있습니다.",
분류,B_OG,릉주대 원주캠 동아리 분류 알려줘,"강릉원주대학교 원주캠퍼스에는 중앙동아리, 가등록동아리, 취업동아리, 학습동아리, 창업동아리 등이 있습니다.",
분류,B_TYP,CCC 동아리가 중앙동아리인지 가동아리인지 알려줘,CCC는 중앙동아리입니다,
분류,B_TYP,JDM 동아리가 중앙동아리인지 가동아리인지 알려줘,JDM은 중앙동아리입니다,
분류,B_TYP,ccc 동아리가 중앙동아리인지 가동아리인지 알려줘,CCC는 중앙동아리입니다,
분류,B_TYP,jdm 동아리가 중앙동아리인지 가동아리인지 알려줘,JDM은 중앙동아리입니다,
분류,B_TYP,E.G.O 동아리가 중앙동아리인지 가동아리인지 알려줘,E.G.O는 중앙동아리입니다,
분류,B_TYP,EGO 동아리가 중앙동아리인지 가동아리인지 알려줘,E.G.O는 중앙동아리입니다,
분류,B_TYP,ego 동아리가 중앙동아리인지 가동아리인지 알려줘,E.G.O는 중앙동아리입니다,
분류,B_TYP,OST 동아리가 중앙동아리인지 가동아리인지 알려줘,OST는 중앙동아리입니다,
분류,B_TYP,ost 동아리가 중앙동아리인지 가동아리인지 알려줘,OST는 중앙동아리입니다,
분류,B_TYP,페르마타 동아리가 중앙동아리인지 가동아리인지 알려줘,페르마타는 중앙동아리입니다,
분류,B_TYP,뉴를리 동아리가 중앙동아리인지 가동아리인지 알려줘,뉴를리는 중앙동아리입니다,
분류,B_TYP,프레이즈 동아리가 중앙동아리인지 가동아리인지 알려줘,프레이즈는 중앙동아리입니다,
분류,B_TYP,루시우스 동아리가 중앙동아리인지 가동아리인지 알려줘,루시우스는 중앙동아리입니다,
분류,B_TYP,Tag the bills 동아리가 중앙동아리인지 가동아리인지 알려줘,Tag the bills는 중앙동아리입니다,
분류,B_TYP,Tagthebills 동아리가 중앙동아리인지 가동아리인지 알려줘,Tag the bills는 중앙동아리입니다,
분류,B_TYP,tagthebills 동아리가 중앙동아리인지 가동아리인지 알려줘,Tag the bills는 중앙동아리입니다,
분류,B_TYP,해시태그 동아리가 중앙동아리인지 가동아리인지 알려줘,해시태그는 중앙동아리입니다,
분류,B_TYP,보드홀릭 동아리가 중앙동아리인지 가동아리인지 알려줘,보드홀릭은 중앙동아리입니다,
분류,B_TYP,팔레트 동아리가 중앙동아리인지 가동아리인지 알려줘,팔레트는 중앙동아리입니다,
분류,B_TYP,핀액션 동아리가 중앙동아리인지 가동아리인지 알려줘,핀액션은 중앙동아리입니다,
분류,B_TYP,에이스 동아리가 중앙동아리인지 가동아리인지 알려줘,에이스는 중앙동아리입니다,
분류,B_TYP,스핀 SPIN 동아리가 중앙동아리인지 가동아리인지 알려줘,스핀 SPIN은 중앙동아리입니다,
분류,B_TYP,spin 동아리가 중앙동아리인지 가동아리인지 알려줘,스핀 SPIN은 중앙동아리입니다,
분류,B_TYP,SPIN 동아리가 중앙동아리인지 가동아리인지 알려줘,스핀 SPIN은 중앙동아리입니다,
분류,B_TYP,Spin 동아리가 중앙동아리인지 가동아리인지 알려줘,스핀 SPIN은 중앙동아리입니다,
분류,B_TYP,스핀 동아리가 중앙동아리인지 가동아리인지 알려줘,스핀 SPIN은 중앙동아리입니다,
분류,B_TYP,RCY 동아리가 중앙동아리인지 가동아리인지 알려줘,RCY는 중앙동아리입니다,
분류,B_TYP,rcy 동아리가 중앙동아리인지 가동아리인지 알려줘,RCY는 중앙동아리입니다,
분류,B_TYP,게임 개발 동아리 동아리가 중앙동아리인지 가동아리인지 알려줘,게임 개발 동아리는 중앙동아리입니다,
분류,B_TYP,게임개발동아리 동아리가 중앙동아리인지 가동아리인지 알려줘,게임 개발 동아리는 중앙동아리입니다,
분류,B_TYP,게임개발 동아리 동아리가 중앙동아리인지 가동아리인지 알려줘,게임 개발 동아리는 중앙동아리입니다,
분류,B_TYP,게임 개발동아리 동아리가 중앙동아리인지 가동아리인지 알려줘,게임 개발 동아리는 중앙동아리입니다,
